fips,name,race,total,location,priority
01010,ALSIP,Hispanic/Latino,5056,SOUTHWEST,NO
01010,ALSIP,Non-Hispanic Asian,359,SOUTHWEST,NO
01010,ALSIP,Non-Hispanic Black,4235,SOUTHWEST,NO
01010,ALSIP,Non-Hispanic Multiracial,452,SOUTHWEST,NO
01010,ALSIP,Non-Hispanic Other,66,SOUTHWEST,NO
01010,ALSIP,Non-Hispanic White,8895,SOUTHWEST,NO
02154,ARLINGTON HEIGHTS,Hispanic/Latino,5388,NORTH,NO
02154,ARLINGTON HEIGHTS,Non-Hispanic Asian,8323,NORTH,NO
02154,ARLINGTON HEIGHTS,Non-Hispanic Black,1195,NORTH,NO
02154,ARLINGTON HEIGHTS,Non-Hispanic Multiracial,2160,NORTH,NO
02154,ARLINGTON HEIGHTS,Non-Hispanic Other,277,NORTH,NO
02154,ARLINGTON HEIGHTS,Non-Hispanic White,60333,NORTH,NO
03883,BARRINGTON HILLS,Hispanic/Latino,112,NORTH,NO
03883,BARRINGTON HILLS,Non-Hispanic Asian,241,NORTH,NO
03883,BARRINGTON HILLS,Non-Hispanic Black,15,NORTH,NO
03883,BARRINGTON HILLS,Non-Hispanic Multiracial,50,NORTH,NO
03883,BARRINGTON HILLS,Non-Hispanic Other,13,NORTH,NO
03883,BARRINGTON HILLS,Non-Hispanic White,1721,NORTH,NO
03844,BARRINGTON,Hispanic/Latino,388,NORTH,NO
03844,BARRINGTON,Non-Hispanic Asian,390,NORTH,NO
03844,BARRINGTON,Non-Hispanic Black,69,NORTH,NO
03844,BARRINGTON,Non-Hispanic Multiracial,198,NORTH,NO
03844,BARRINGTON,Non-Hispanic Other,8,NORTH,NO
03844,BARRINGTON,Non-Hispanic White,4803,NORTH,NO
04013,BARTLETT,Hispanic/Latino,2759,NORTH,NO
04013,BARTLETT,Non-Hispanic Asian,3492,NORTH,NO
04013,BARTLETT,Non-Hispanic Black,516,NORTH,NO
04013,BARTLETT,Non-Hispanic Multiracial,495,NORTH,NO
04013,BARTLETT,Non-Hispanic Other,62,NORTH,NO
04013,BARTLETT,Non-Hispanic White,9887,NORTH,NO
04572,BEDFORD PARK,Hispanic/Latino,222,SOUTHWEST,NO
04572,BEDFORD PARK,Non-Hispanic Asian,10,SOUTHWEST,NO
04572,BEDFORD PARK,Non-Hispanic Black,15,SOUTHWEST,NO
04572,BEDFORD PARK,Non-Hispanic Multiracial,21,SOUTHWEST,NO
04572,BEDFORD PARK,Non-Hispanic Other,2,SOUTHWEST,NO
04572,BEDFORD PARK,Non-Hispanic White,332,SOUTHWEST,NO
04975,BELLWOOD,Hispanic/Latino,5034,WEST,NO
04975,BELLWOOD,Non-Hispanic Asian,119,WEST,NO
04975,BELLWOOD,Non-Hispanic Black,12705,WEST,NO
04975,BELLWOOD,Non-Hispanic Multiracial,300,WEST,NO
04975,BELLWOOD,Non-Hispanic Other,86,WEST,NO
04975,BELLWOOD,Non-Hispanic White,545,WEST,NO
05248,BENSENVILLE,Hispanic/Latino,0,NA,NA
05248,BENSENVILLE,Non-Hispanic Asian,0,NA,NA
05248,BENSENVILLE,Non-Hispanic Black,0,NA,NA
05248,BENSENVILLE,Non-Hispanic Multiracial,0,NA,NA
05248,BENSENVILLE,Non-Hispanic Other,0,NA,NA
05248,BENSENVILLE,Non-Hispanic White,0,NA,NA
05404,BERKELEY,Hispanic/Latino,2008,WEST,NO
05404,BERKELEY,Non-Hispanic Asian,219,WEST,NO
05404,BERKELEY,Non-Hispanic Black,1718,WEST,NO
05404,BERKELEY,Non-Hispanic Multiracial,122,WEST,NO
05404,BERKELEY,Non-Hispanic Other,29,WEST,NO
05404,BERKELEY,Non-Hispanic White,1242,WEST,NO
05573,BERWYN,Hispanic/Latino,36726,WEST,NO
05573,BERWYN,Non-Hispanic Asian,1365,WEST,NO
05573,BERWYN,Non-Hispanic Black,4622,WEST,NO
05573,BERWYN,Non-Hispanic Multiracial,888,WEST,NO
05573,BERWYN,Non-Hispanic Other,277,WEST,NO
05573,BERWYN,Non-Hispanic White,13372,WEST,NO
06704,BLUE ISLAND,Hispanic/Latino,11720,SOUTHWEST,NO
06704,BLUE ISLAND,Non-Hispanic Asian,86,SOUTHWEST,NO
06704,BLUE ISLAND,Non-Hispanic Black,6817,SOUTHWEST,NO
06704,BLUE ISLAND,Non-Hispanic Multiracial,385,SOUTHWEST,NO
06704,BLUE ISLAND,Non-Hispanic Other,108,SOUTHWEST,NO
06704,BLUE ISLAND,Non-Hispanic White,3442,SOUTHWEST,NO
08225,BRIDGEVIEW,Hispanic/Latino,3991,SOUTHWEST,NO
08225,BRIDGEVIEW,Non-Hispanic Asian,564,SOUTHWEST,NO
08225,BRIDGEVIEW,Non-Hispanic Black,658,SOUTHWEST,NO
08225,BRIDGEVIEW,Non-Hispanic Multiracial,441,SOUTHWEST,NO
08225,BRIDGEVIEW,Non-Hispanic Other,86,SOUTHWEST,NO
08225,BRIDGEVIEW,Non-Hispanic White,11287,SOUTHWEST,NO
08446,BROADVIEW,Hispanic/Latino,1225,WEST,NO
08446,BROADVIEW,Non-Hispanic Asian,171,WEST,NO
08446,BROADVIEW,Non-Hispanic Black,5642,WEST,NO
08446,BROADVIEW,Non-Hispanic Multiracial,180,WEST,NO
08446,BROADVIEW,Non-Hispanic Other,41,WEST,NO
08446,BROADVIEW,Non-Hispanic White,739,WEST,NO
08576,BROOKFIELD,Hispanic/Latino,5020,WEST,NO
08576,BROOKFIELD,Non-Hispanic Asian,346,WEST,NO
08576,BROOKFIELD,Non-Hispanic Black,597,WEST,NO
08576,BROOKFIELD,Non-Hispanic Multiracial,640,WEST,NO
08576,BROOKFIELD,Non-Hispanic Other,82,WEST,NO
08576,BROOKFIELD,Non-Hispanic White,12791,WEST,NO
09447,BUFFALO GROVE,Hispanic/Latino,1799,NORTH,NO
09447,BUFFALO GROVE,Non-Hispanic Asian,1335,NORTH,NO
09447,BUFFALO GROVE,Non-Hispanic Black,205,NORTH,NO
09447,BUFFALO GROVE,Non-Hispanic Multiracial,355,NORTH,NO
09447,BUFFALO GROVE,Non-Hispanic Other,37,NORTH,NO
09447,BUFFALO GROVE,Non-Hispanic White,10081,NORTH,NO
09642,BURBANK,Hispanic/Latino,11650,SCC,NO
09642,BURBANK,Non-Hispanic Asian,906,SCC,NO
09642,BURBANK,Non-Hispanic Black,518,SCC,NO
09642,BURBANK,Non-Hispanic Multiracial,555,SCC,NO
09642,BURBANK,Non-Hispanic Other,107,SCC,NO
09642,BURBANK,Non-Hispanic White,15703,SCC,NO
09798,BURNHAM,Hispanic/Latino,1035,SOUTH,NO
09798,BURNHAM,Non-Hispanic Asian,12,SOUTH,NO
09798,BURNHAM,Non-Hispanic Black,2419,SOUTH,NO
09798,BURNHAM,Non-Hispanic Multiracial,72,SOUTH,NO
09798,BURNHAM,Non-Hispanic Other,17,SOUTH,NO
09798,BURNHAM,Non-Hispanic White,491,SOUTH,NO
09980,BURR RIDGE,Hispanic/Latino,224,WEST,NO
09980,BURR RIDGE,Non-Hispanic Asian,536,WEST,NO
09980,BURR RIDGE,Non-Hispanic Black,51,WEST,NO
09980,BURR RIDGE,Non-Hispanic Multiracial,100,WEST,NO
09980,BURR RIDGE,Non-Hispanic Other,8,WEST,NO
09980,BURR RIDGE,Non-Hispanic White,3447,WEST,NO
10487,CALUMET CITY,Hispanic/Latino,6476,SOUTH,NO
10487,CALUMET CITY,Non-Hispanic Asian,50,SOUTH,NO
10487,CALUMET CITY,Non-Hispanic Black,25959,SOUTH,NO
10487,CALUMET CITY,Non-Hispanic Multiracial,701,SOUTH,NO
10487,CALUMET CITY,Non-Hispanic Other,171,SOUTH,NO
10487,CALUMET CITY,Non-Hispanic White,2676,SOUTH,NO
10513,CALUMET PARK,Hispanic/Latino,453,SOUTHWEST,NO
10513,CALUMET PARK,Non-Hispanic Asian,5,SOUTHWEST,NO
10513,CALUMET PARK,Non-Hispanic Black,6230,SOUTHWEST,NO
10513,CALUMET PARK,Non-Hispanic Multiracial,105,SOUTHWEST,NO
10513,CALUMET PARK,Non-Hispanic Other,46,SOUTHWEST,NO
10513,CALUMET PARK,Non-Hispanic White,186,SOUTHWEST,NO
14000,CHICAGO,Hispanic/Latino,819518,SCC,NO
14000,CHICAGO,Non-Hispanic Asian,189857,SCC,NO
14000,CHICAGO,Non-Hispanic Black,787551,SCC,NO
14000,CHICAGO,Non-Hispanic Multiracial,70443,SCC,NO
14000,CHICAGO,Non-Hispanic Other,15397,SCC,NO
14000,CHICAGO,Non-Hispanic White,863622,SCC,NO
14026,CHICAGO HEIGHTS,Hispanic/Latino,10714,SOUTH,NO
14026,CHICAGO HEIGHTS,Non-Hispanic Asian,74,SOUTH,NO
14026,CHICAGO HEIGHTS,Non-Hispanic Black,11487,SOUTH,NO
14026,CHICAGO HEIGHTS,Non-Hispanic Multiracial,611,SOUTH,NO
14026,CHICAGO HEIGHTS,Non-Hispanic Other,156,SOUTH,NO
14026,CHICAGO HEIGHTS,Non-Hispanic White,4438,SOUTH,NO
14065,CHICAGO RIDGE,Hispanic/Latino,2258,SOUTHWEST,NO
14065,CHICAGO RIDGE,Non-Hispanic Asian,336,SOUTHWEST,NO
14065,CHICAGO RIDGE,Non-Hispanic Black,1388,SOUTHWEST,NO
14065,CHICAGO RIDGE,Non-Hispanic Multiracial,408,SOUTHWEST,NO
14065,CHICAGO RIDGE,Non-Hispanic Other,60,SOUTHWEST,NO
14065,CHICAGO RIDGE,Non-Hispanic White,9983,SOUTHWEST,NO
14351,CICERO,Hispanic/Latino,75890,WEST,NO
14351,CICERO,Non-Hispanic Asian,456,WEST,NO
14351,CICERO,Non-Hispanic Black,2870,WEST,NO
14351,CICERO,Non-Hispanic Multiracial,473,WEST,NO
14351,CICERO,Non-Hispanic Other,247,WEST,NO
14351,CICERO,Non-Hispanic White,5332,WEST,NO
16691,COUNTRY CLUB HILLS,Hispanic/Latino,846,SOUTH,NO
16691,COUNTRY CLUB HILLS,Non-Hispanic Asian,129,SOUTH,NO
16691,COUNTRY CLUB HILLS,Non-Hispanic Black,14365,SOUTH,NO
16691,COUNTRY CLUB HILLS,Non-Hispanic Multiracial,408,SOUTH,NO
16691,COUNTRY CLUB HILLS,Non-Hispanic Other,67,SOUTH,NO
16691,COUNTRY CLUB HILLS,Non-Hispanic White,960,SOUTH,NO
16873,COUNTRYSIDE,Hispanic/Latino,1541,WEST,NO
16873,COUNTRYSIDE,Non-Hispanic Asian,145,WEST,NO
16873,COUNTRYSIDE,Non-Hispanic Black,166,WEST,NO
16873,COUNTRYSIDE,Non-Hispanic Multiracial,133,WEST,NO
16873,COUNTRYSIDE,Non-Hispanic Other,25,WEST,NO
16873,COUNTRYSIDE,Non-Hispanic White,4410,WEST,NO
17497,CRESTWOOD,Hispanic/Latino,1548,SOUTHWEST,NO
17497,CRESTWOOD,Non-Hispanic Asian,186,SOUTHWEST,NO
17497,CRESTWOOD,Non-Hispanic Black,1084,SOUTHWEST,NO
17497,CRESTWOOD,Non-Hispanic Multiracial,266,SOUTHWEST,NO
17497,CRESTWOOD,Non-Hispanic Other,32,SOUTHWEST,NO
17497,CRESTWOOD,Non-Hispanic White,7710,SOUTHWEST,NO
17523,CRETE,Hispanic/Latino,0,NA,NA
17523,CRETE,Non-Hispanic Asian,0,NA,NA
17523,CRETE,Non-Hispanic Black,0,NA,NA
17523,CRETE,Non-Hispanic Multiracial,0,NA,NA
17523,CRETE,Non-Hispanic Other,0,NA,NA
17523,CRETE,Non-Hispanic White,0,NA,NA
19083,DEER PARK,Hispanic/Latino,1,NA,NA
19083,DEER PARK,Non-Hispanic Asian,0,NA,NA
19083,DEER PARK,Non-Hispanic Black,0,NA,NA
19083,DEER PARK,Non-Hispanic Multiracial,1,NA,NA
19083,DEER PARK,Non-Hispanic Other,0,NA,NA
19083,DEER PARK,Non-Hispanic White,16,NA,NA
18992,DEERFIELD,Hispanic/Latino,26,NA,NA
18992,DEERFIELD,Non-Hispanic Asian,45,NA,NA
18992,DEERFIELD,Non-Hispanic Black,9,NA,NA
18992,DEERFIELD,Non-Hispanic Multiracial,12,NA,NA
18992,DEERFIELD,Non-Hispanic Other,1,NA,NA
18992,DEERFIELD,Non-Hispanic White,414,NA,NA
19642,DES PLAINES,Hispanic/Latino,12457,NORTH,NO
19642,DES PLAINES,Non-Hispanic Asian,9153,NORTH,NO
19642,DES PLAINES,Non-Hispanic Black,1385,NORTH,NO
19642,DES PLAINES,Non-Hispanic Multiracial,1449,NORTH,NO
19642,DES PLAINES,Non-Hispanic Other,254,NORTH,NO
19642,DES PLAINES,Non-Hispanic White,35977,NORTH,NO
20149,DIXMOOR,Hispanic/Latino,1090,SOUTH,NO
20149,DIXMOOR,Non-Hispanic Asian,18,SOUTH,NO
20149,DIXMOOR,Non-Hispanic Black,1485,SOUTH,NO
20149,DIXMOOR,Non-Hispanic Multiracial,49,SOUTH,NO
20149,DIXMOOR,Non-Hispanic Other,21,SOUTH,NO
20149,DIXMOOR,Non-Hispanic White,310,SOUTH,NO
20292,DOLTON,Hispanic/Latino,937,SOUTH,NO
20292,DOLTON,Non-Hispanic Asian,38,SOUTH,NO
20292,DOLTON,Non-Hispanic Black,19322,SOUTH,NO
20292,DOLTON,Non-Hispanic Multiracial,404,SOUTH,NO
20292,DOLTON,Non-Hispanic Other,127,SOUTH,NO
20292,DOLTON,Non-Hispanic White,598,SOUTH,NO
21696,EAST DUNDEE,Hispanic/Latino,0,NA,NA
21696,EAST DUNDEE,Non-Hispanic Asian,0,NA,NA
21696,EAST DUNDEE,Non-Hispanic Black,0,NA,NA
21696,EAST DUNDEE,Non-Hispanic Multiracial,0,NA,NA
21696,EAST DUNDEE,Non-Hispanic Other,0,NA,NA
21696,EAST DUNDEE,Non-Hispanic White,0,NA,NA
21904,EAST HAZEL CREST,Hispanic/Latino,209,SOUTH,NO
21904,EAST HAZEL CREST,Non-Hispanic Asian,4,SOUTH,NO
21904,EAST HAZEL CREST,Non-Hispanic Black,748,SOUTH,NO
21904,EAST HAZEL CREST,Non-Hispanic Multiracial,39,SOUTH,NO
21904,EAST HAZEL CREST,Non-Hispanic Other,6,SOUTH,NO
21904,EAST HAZEL CREST,Non-Hispanic White,291,SOUTH,NO
23074,ELGIN,Hispanic/Latino,13120,NORTH,NO
23074,ELGIN,Non-Hispanic Asian,2070,NORTH,NO
23074,ELGIN,Non-Hispanic Black,1453,NORTH,NO
23074,ELGIN,Non-Hispanic Multiracial,555,NORTH,NO
23074,ELGIN,Non-Hispanic Other,97,NORTH,NO
23074,ELGIN,Non-Hispanic White,7352,NORTH,NO
23256,ELK GROVE VILLAGE,Hispanic/Latino,3989,NORTH,NO
23256,ELK GROVE VILLAGE,Non-Hispanic Asian,3919,NORTH,NO
23256,ELK GROVE VILLAGE,Non-Hispanic Black,599,NORTH,NO
23256,ELK GROVE VILLAGE,Non-Hispanic Multiracial,862,NORTH,NO
23256,ELK GROVE VILLAGE,Non-Hispanic Other,123,NORTH,NO
23256,ELK GROVE VILLAGE,Non-Hispanic White,23320,NORTH,NO
23620,ELMHURST,Hispanic/Latino,1,NA,NA
23620,ELMHURST,Non-Hispanic Asian,1,NA,NA
23620,ELMHURST,Non-Hispanic Black,4,NA,NA
23620,ELMHURST,Non-Hispanic Multiracial,2,NA,NA
23620,ELMHURST,Non-Hispanic Other,0,NA,NA
23620,ELMHURST,Non-Hispanic White,0,NA,NA
23724,ELMWOOD PARK,Hispanic/Latino,8599,WEST,NO
23724,ELMWOOD PARK,Non-Hispanic Asian,732,WEST,NO
23724,ELMWOOD PARK,Non-Hispanic Black,658,WEST,NO
23724,ELMWOOD PARK,Non-Hispanic Multiracial,375,WEST,NO
23724,ELMWOOD PARK,Non-Hispanic Other,82,WEST,NO
23724,ELMWOOD PARK,Non-Hispanic White,14075,WEST,NO
24582,EVANSTON,Hispanic/Latino,8778,SCC,NO
24582,EVANSTON,Non-Hispanic Asian,7701,SCC,NO
24582,EVANSTON,Non-Hispanic Black,12329,SCC,NO
24582,EVANSTON,Non-Hispanic Multiracial,4165,SCC,NO
24582,EVANSTON,Non-Hispanic Other,603,SCC,NO
24582,EVANSTON,Non-Hispanic White,44534,SCC,NO
24634,EVERGREEN PARK,Hispanic/Latino,3411,SOUTHWEST,NO
24634,EVERGREEN PARK,Non-Hispanic Asian,232,SOUTHWEST,NO
24634,EVERGREEN PARK,Non-Hispanic Black,4775,SOUTHWEST,NO
24634,EVERGREEN PARK,Non-Hispanic Multiracial,501,SOUTHWEST,NO
24634,EVERGREEN PARK,Non-Hispanic Other,125,SOUTHWEST,NO
24634,EVERGREEN PARK,Non-Hispanic White,10899,SOUTHWEST,NO
26571,FLOSSMOOR,Hispanic/Latino,462,SOUTH,NO
26571,FLOSSMOOR,Non-Hispanic Asian,187,SOUTH,NO
26571,FLOSSMOOR,Non-Hispanic Black,5645,SOUTH,NO
26571,FLOSSMOOR,Non-Hispanic Multiracial,398,SOUTH,NO
26571,FLOSSMOOR,Non-Hispanic Other,54,SOUTH,NO
26571,FLOSSMOOR,Non-Hispanic White,2958,SOUTH,NO
26710,FORD HEIGHTS,Hispanic/Latino,67,SOUTH,NO
26710,FORD HEIGHTS,Non-Hispanic Asian,4,SOUTH,NO
26710,FORD HEIGHTS,Non-Hispanic Black,1651,SOUTH,NO
26710,FORD HEIGHTS,Non-Hispanic Multiracial,37,SOUTH,NO
26710,FORD HEIGHTS,Non-Hispanic Other,10,SOUTH,NO
26710,FORD HEIGHTS,Non-Hispanic White,44,SOUTH,NO
26935,FOREST PARK,Hispanic/Latino,1623,WEST,NO
26935,FOREST PARK,Non-Hispanic Asian,879,WEST,NO
26935,FOREST PARK,Non-Hispanic Black,4345,WEST,NO
26935,FOREST PARK,Non-Hispanic Multiracial,594,WEST,NO
26935,FOREST PARK,Non-Hispanic Other,142,WEST,NO
26935,FOREST PARK,Non-Hispanic White,6756,WEST,NO
26987,FOREST VIEW,Hispanic/Latino,387,SCC,NO
26987,FOREST VIEW,Non-Hispanic Asian,12,SCC,NO
26987,FOREST VIEW,Non-Hispanic Black,16,SCC,NO
26987,FOREST VIEW,Non-Hispanic Multiracial,18,SCC,NO
26987,FOREST VIEW,Non-Hispanic Other,0,SCC,NO
26987,FOREST VIEW,Non-Hispanic White,359,SCC,NO
27624,FRANKFORT,Hispanic/Latino,0,NA,NA
27624,FRANKFORT,Non-Hispanic Asian,0,NA,NA
27624,FRANKFORT,Non-Hispanic Black,0,NA,NA
27624,FRANKFORT,Non-Hispanic Multiracial,0,NA,NA
27624,FRANKFORT,Non-Hispanic Other,0,NA,NA
27624,FRANKFORT,Non-Hispanic White,0,NA,NA
27702,FRANKLIN PARK,Hispanic/Latino,9632,WEST,NO
27702,FRANKLIN PARK,Non-Hispanic Asian,705,WEST,NO
27702,FRANKLIN PARK,Non-Hispanic Black,242,WEST,NO
27702,FRANKLIN PARK,Non-Hispanic Multiracial,268,WEST,NO
27702,FRANKLIN PARK,Non-Hispanic Other,90,WEST,NO
27702,FRANKLIN PARK,Non-Hispanic White,7530,WEST,NO
29652,GLENCOE,Hispanic/Latino,372,NORTH,NO
29652,GLENCOE,Non-Hispanic Asian,377,NORTH,NO
29652,GLENCOE,Non-Hispanic Black,92,NORTH,NO
29652,GLENCOE,Non-Hispanic Multiracial,327,NORTH,NO
29652,GLENCOE,Non-Hispanic Other,46,NORTH,NO
29652,GLENCOE,Non-Hispanic White,7635,NORTH,NO
29938,GLENVIEW,Hispanic/Latino,3595,NORTH,NO
29938,GLENVIEW,Non-Hispanic Asian,8042,NORTH,NO
29938,GLENVIEW,Non-Hispanic Black,519,NORTH,NO
29938,GLENVIEW,Non-Hispanic Multiracial,1664,NORTH,NO
29938,GLENVIEW,Non-Hispanic Other,296,NORTH,NO
29938,GLENVIEW,Non-Hispanic White,34589,NORTH,NO
30029,GLENWOOD,Hispanic/Latino,718,SOUTH,NO
30029,GLENWOOD,Non-Hispanic Asian,9,SOUTH,NO
30029,GLENWOOD,Non-Hispanic Black,6457,SOUTH,NO
30029,GLENWOOD,Non-Hispanic Multiracial,201,SOUTH,NO
30029,GLENWOOD,Non-Hispanic Other,37,SOUTH,NO
30029,GLENWOOD,Non-Hispanic White,1240,SOUTH,NO
30328,GOLF,Hispanic/Latino,35,NORTH,NO
30328,GOLF,Non-Hispanic Asian,29,NORTH,NO
30328,GOLF,Non-Hispanic Black,7,NORTH,NO
30328,GOLF,Non-Hispanic Multiracial,12,NORTH,NO
30328,GOLF,Non-Hispanic Other,3,NORTH,NO
30328,GOLF,Non-Hispanic White,428,NORTH,NO
32746,HANOVER PARK,Hispanic/Latino,10629,NORTH,NO
32746,HANOVER PARK,Non-Hispanic Asian,2326,NORTH,NO
32746,HANOVER PARK,Non-Hispanic Black,988,NORTH,NO
32746,HANOVER PARK,Non-Hispanic Multiracial,463,NORTH,NO
32746,HANOVER PARK,Non-Hispanic Other,99,NORTH,NO
32746,HANOVER PARK,Non-Hispanic White,5582,NORTH,NO
33383,HARVEY,Hispanic/Latino,6040,SOUTH,NO
33383,HARVEY,Non-Hispanic Asian,490,SOUTH,NO
33383,HARVEY,Non-Hispanic Black,12729,SOUTH,NO
33383,HARVEY,Non-Hispanic Multiracial,350,SOUTH,NO
33383,HARVEY,Non-Hispanic Other,124,SOUTH,NO
33383,HARVEY,Non-Hispanic White,591,SOUTH,NO
33435,HARWOOD HEIGHTS,Hispanic/Latino,1459,WEST,NO
33435,HARWOOD HEIGHTS,Non-Hispanic Asian,861,WEST,NO
33435,HARWOOD HEIGHTS,Non-Hispanic Black,66,WEST,NO
33435,HARWOOD HEIGHTS,Non-Hispanic Multiracial,171,WEST,NO
33435,HARWOOD HEIGHTS,Non-Hispanic Other,25,WEST,NO
33435,HARWOOD HEIGHTS,Non-Hispanic White,6483,WEST,NO
33695,HAZEL CREST,Hispanic/Latino,742,SOUTH,NO
33695,HAZEL CREST,Non-Hispanic Asian,49,SOUTH,NO
33695,HAZEL CREST,Non-Hispanic Black,11441,SOUTH,NO
33695,HAZEL CREST,Non-Hispanic Multiracial,304,SOUTH,NO
33695,HAZEL CREST,Non-Hispanic Other,88,SOUTH,NO
33695,HAZEL CREST,Non-Hispanic White,758,SOUTH,NO
34514,HICKORY HILLS,Hispanic/Latino,2329,SOUTHWEST,NO
34514,HICKORY HILLS,Non-Hispanic Asian,389,SOUTHWEST,NO
34514,HICKORY HILLS,Non-Hispanic Black,462,SOUTHWEST,NO
34514,HICKORY HILLS,Non-Hispanic Multiracial,329,SOUTHWEST,NO
34514,HICKORY HILLS,Non-Hispanic Other,49,SOUTHWEST,NO
34514,HICKORY HILLS,Non-Hispanic White,10947,SOUTHWEST,NO
35086,HILLSIDE,Hispanic/Latino,2958,WEST,NO
35086,HILLSIDE,Non-Hispanic Asian,253,WEST,NO
35086,HILLSIDE,Non-Hispanic Black,3519,WEST,NO
35086,HILLSIDE,Non-Hispanic Multiracial,129,WEST,NO
35086,HILLSIDE,Non-Hispanic Other,47,WEST,NO
35086,HILLSIDE,Non-Hispanic White,1414,WEST,NO
35307,HINSDALE,Hispanic/Latino,158,WEST,NO
35307,HINSDALE,Non-Hispanic Asian,362,WEST,NO
35307,HINSDALE,Non-Hispanic Black,71,WEST,NO
35307,HINSDALE,Non-Hispanic Multiracial,98,WEST,NO
35307,HINSDALE,Non-Hispanic Other,12,WEST,NO
35307,HINSDALE,Non-Hispanic White,1671,WEST,NO
35385,HODGKINS,Hispanic/Latino,662,WEST,NO
35385,HODGKINS,Non-Hispanic Asian,21,WEST,NO
35385,HODGKINS,Non-Hispanic Black,17,WEST,NO
35385,HODGKINS,Non-Hispanic Multiracial,44,WEST,NO
35385,HODGKINS,Non-Hispanic Other,3,WEST,NO
35385,HODGKINS,Non-Hispanic White,753,WEST,NO
35411,HOFFMAN ESTATES,Hispanic/Latino,8478,NORTH,NO
35411,HOFFMAN ESTATES,Non-Hispanic Asian,13733,NORTH,NO
35411,HOFFMAN ESTATES,Non-Hispanic Black,2472,NORTH,NO
35411,HOFFMAN ESTATES,Non-Hispanic Multiracial,1579,NORTH,NO
35411,HOFFMAN ESTATES,Non-Hispanic Other,254,NORTH,NO
35411,HOFFMAN ESTATES,Non-Hispanic White,26014,NORTH,NO
35835,HOMER GLEN,Hispanic/Latino,0,NA,NA
35835,HOMER GLEN,Non-Hispanic Asian,0,NA,NA
35835,HOMER GLEN,Non-Hispanic Black,0,NA,NA
35835,HOMER GLEN,Non-Hispanic Multiracial,0,NA,NA
35835,HOMER GLEN,Non-Hispanic Other,0,NA,NA
35835,HOMER GLEN,Non-Hispanic White,0,NA,NA
35866,HOMETOWN,Hispanic/Latino,1118,SOUTHWEST,NO
35866,HOMETOWN,Non-Hispanic Asian,38,SOUTHWEST,NO
35866,HOMETOWN,Non-Hispanic Black,86,SOUTHWEST,NO
35866,HOMETOWN,Non-Hispanic Multiracial,97,SOUTHWEST,NO
35866,HOMETOWN,Non-Hispanic Other,25,SOUTHWEST,NO
35866,HOMETOWN,Non-Hispanic White,2979,SOUTHWEST,NO
35879,HOMEWOOD,Hispanic/Latino,1626,SOUTH,NO
35879,HOMEWOOD,Non-Hispanic Asian,251,SOUTH,NO
35879,HOMEWOOD,Non-Hispanic Black,8657,SOUTH,NO
35879,HOMEWOOD,Non-Hispanic Multiracial,758,SOUTH,NO
35879,HOMEWOOD,Non-Hispanic Other,107,SOUTH,NO
35879,HOMEWOOD,Non-Hispanic White,8064,SOUTH,NO
37257,INDIAN HEAD PARK,Hispanic/Latino,281,WEST,NO
37257,INDIAN HEAD PARK,Non-Hispanic Asian,129,WEST,NO
37257,INDIAN HEAD PARK,Non-Hispanic Black,102,WEST,NO
37257,INDIAN HEAD PARK,Non-Hispanic Multiracial,61,WEST,NO
37257,INDIAN HEAD PARK,Non-Hispanic Other,11,WEST,NO
37257,INDIAN HEAD PARK,Non-Hispanic White,3481,WEST,NO
37608,INVERNESS,Hispanic/Latino,262,NORTH,NO
37608,INVERNESS,Non-Hispanic Asian,1207,NORTH,NO
37608,INVERNESS,Non-Hispanic Black,39,NORTH,NO
37608,INVERNESS,Non-Hispanic Multiracial,205,NORTH,NO
37608,INVERNESS,Non-Hispanic Other,36,NORTH,NO
37608,INVERNESS,Non-Hispanic White,5867,NORTH,NO
38830,JUSTICE,Hispanic/Latino,2077,SOUTHWEST,NO
38830,JUSTICE,Non-Hispanic Asian,224,SOUTHWEST,NO
38830,JUSTICE,Non-Hispanic Black,2516,SOUTHWEST,NO
38830,JUSTICE,Non-Hispanic Multiracial,294,SOUTHWEST,NO
38830,JUSTICE,Non-Hispanic Other,47,SOUTHWEST,NO
38830,JUSTICE,Non-Hispanic White,7442,SOUTHWEST,NO
39519,KENILWORTH,Hispanic/Latino,103,NORTH,NO
39519,KENILWORTH,Non-Hispanic Asian,105,NORTH,NO
39519,KENILWORTH,Non-Hispanic Black,8,NORTH,NO
39519,KENILWORTH,Non-Hispanic Multiracial,77,NORTH,NO
39519,KENILWORTH,Non-Hispanic Other,14,NORTH,NO
39519,KENILWORTH,Non-Hispanic White,2207,NORTH,NO
40793,LA GRANGE PARK,Hispanic/Latino,1590,WEST,NO
40793,LA GRANGE PARK,Non-Hispanic Asian,316,WEST,NO
40793,LA GRANGE PARK,Non-Hispanic Black,566,WEST,NO
40793,LA GRANGE PARK,Non-Hispanic Multiracial,399,WEST,NO
40793,LA GRANGE PARK,Non-Hispanic Other,46,WEST,NO
40793,LA GRANGE PARK,Non-Hispanic White,10558,WEST,NO
40767,LA GRANGE,Hispanic/Latino,1421,WEST,NO
40767,LA GRANGE,Non-Hispanic Asian,274,WEST,NO
40767,LA GRANGE,Non-Hispanic Black,585,WEST,NO
40767,LA GRANGE,Non-Hispanic Multiracial,582,WEST,NO
40767,LA GRANGE,Non-Hispanic Other,39,WEST,NO
40767,LA GRANGE,Non-Hispanic White,13420,WEST,NO
42028,LANSING,Hispanic/Latino,5993,SOUTH,NO
42028,LANSING,Non-Hispanic Asian,264,SOUTH,NO
42028,LANSING,Non-Hispanic Black,13421,SOUTH,NO
42028,LANSING,Non-Hispanic Multiracial,734,SOUTH,NO
42028,LANSING,Non-Hispanic Other,202,SOUTH,NO
42028,LANSING,Non-Hispanic White,8462,SOUTH,NO
42795,LEMONT,Hispanic/Latino,1253,SOUTHWEST,NO
42795,LEMONT,Non-Hispanic Asian,421,SOUTHWEST,NO
42795,LEMONT,Non-Hispanic Black,147,SOUTHWEST,NO
42795,LEMONT,Non-Hispanic Multiracial,402,SOUTHWEST,NO
42795,LEMONT,Non-Hispanic Other,31,SOUTHWEST,NO
42795,LEMONT,Non-Hispanic White,15366,SOUTHWEST,NO
43744,LINCOLNWOOD,Hispanic/Latino,993,NORTH,NO
43744,LINCOLNWOOD,Non-Hispanic Asian,4164,NORTH,NO
43744,LINCOLNWOOD,Non-Hispanic Black,248,NORTH,NO
43744,LINCOLNWOOD,Non-Hispanic Multiracial,323,NORTH,NO
43744,LINCOLNWOOD,Non-Hispanic Other,53,NORTH,NO
43744,LINCOLNWOOD,Non-Hispanic White,7682,NORTH,NO
45421,LYNWOOD,Hispanic/Latino,752,SOUTH,NO
45421,LYNWOOD,Non-Hispanic Asian,41,SOUTH,NO
45421,LYNWOOD,Non-Hispanic Black,6869,SOUTH,NO
45421,LYNWOOD,Non-Hispanic Multiracial,229,SOUTH,NO
45421,LYNWOOD,Non-Hispanic Other,38,SOUTH,NO
45421,LYNWOOD,Non-Hispanic White,1187,SOUTH,NO
45434,LYONS,Hispanic/Latino,5388,WEST,NO
45434,LYONS,Non-Hispanic Asian,179,WEST,NO
45434,LYONS,Non-Hispanic Black,464,WEST,NO
45434,LYONS,Non-Hispanic Multiracial,269,WEST,NO
45434,LYONS,Non-Hispanic Other,59,WEST,NO
45434,LYONS,Non-Hispanic White,4458,WEST,NO
47007,MARKHAM,Hispanic/Latino,2014,SOUTH,NO
47007,MARKHAM,Non-Hispanic Asian,103,SOUTH,NO
47007,MARKHAM,Non-Hispanic Black,8420,SOUTH,NO
47007,MARKHAM,Non-Hispanic Multiracial,258,SOUTH,NO
47007,MARKHAM,Non-Hispanic Other,43,SOUTH,NO
47007,MARKHAM,Non-Hispanic White,823,SOUTH,NO
47540,MATTESON,Hispanic/Latino,803,SOUTH,NO
47540,MATTESON,Non-Hispanic Asian,185,SOUTH,NO
47540,MATTESON,Non-Hispanic Black,15641,SOUTH,NO
47540,MATTESON,Non-Hispanic Multiracial,495,SOUTH,NO
47540,MATTESON,Non-Hispanic Other,118,SOUTH,NO
47540,MATTESON,Non-Hispanic White,1831,SOUTH,NO
47774,MAYWOOD,Hispanic/Latino,8002,WEST,NO
47774,MAYWOOD,Non-Hispanic Asian,110,WEST,NO
47774,MAYWOOD,Non-Hispanic Black,14193,WEST,NO
47774,MAYWOOD,Non-Hispanic Multiracial,401,WEST,NO
47774,MAYWOOD,Non-Hispanic Other,84,WEST,NO
47774,MAYWOOD,Non-Hispanic White,722,WEST,NO
45564,MCCOOK,Hispanic/Latino,91,WEST,NO
45564,MCCOOK,Non-Hispanic Asian,3,WEST,NO
45564,MCCOOK,Non-Hispanic Black,0,WEST,NO
45564,MCCOOK,Non-Hispanic Multiracial,11,WEST,NO
45564,MCCOOK,Non-Hispanic Other,3,WEST,NO
45564,MCCOOK,Non-Hispanic White,141,WEST,NO
48242,MELROSE PARK,Hispanic/Latino,18519,WEST,NO
48242,MELROSE PARK,Non-Hispanic Asian,308,WEST,NO
48242,MELROSE PARK,Non-Hispanic Black,1442,WEST,NO
48242,MELROSE PARK,Non-Hispanic Multiracial,166,WEST,NO
48242,MELROSE PARK,Non-Hispanic Other,69,WEST,NO
48242,MELROSE PARK,Non-Hispanic White,4292,WEST,NO
48554,MERRIONETTE PARK,Hispanic/Latino,379,SOUTHWEST,NO
48554,MERRIONETTE PARK,Non-Hispanic Asian,21,SOUTHWEST,NO
48554,MERRIONETTE PARK,Non-Hispanic Black,347,SOUTHWEST,NO
48554,MERRIONETTE PARK,Non-Hispanic Multiracial,59,SOUTHWEST,NO
48554,MERRIONETTE PARK,Non-Hispanic Other,10,SOUTHWEST,NO
48554,MERRIONETTE PARK,Non-Hispanic White,1153,SOUTHWEST,NO
48892,MIDLOTHIAN,Hispanic/Latino,4605,SOUTH,NO
48892,MIDLOTHIAN,Non-Hispanic Asian,196,SOUTH,NO
48892,MIDLOTHIAN,Non-Hispanic Black,1880,SOUTH,NO
48892,MIDLOTHIAN,Non-Hispanic Multiracial,482,SOUTH,NO
48892,MIDLOTHIAN,Non-Hispanic Other,55,SOUTH,NO
48892,MIDLOTHIAN,Non-Hispanic White,7107,SOUTH,NO
50647,MORTON GROVE,Hispanic/Latino,2041,NORTH,NO
50647,MORTON GROVE,Non-Hispanic Asian,8540,NORTH,NO
50647,MORTON GROVE,Non-Hispanic Black,474,NORTH,NO
50647,MORTON GROVE,Non-Hispanic Multiracial,776,NORTH,NO
50647,MORTON GROVE,Non-Hispanic Other,107,NORTH,NO
50647,MORTON GROVE,Non-Hispanic White,13359,NORTH,NO
51089,MOUNT PROSPECT,Hispanic/Latino,9186,NORTH,NO
51089,MOUNT PROSPECT,Non-Hispanic Asian,8192,NORTH,NO
51089,MOUNT PROSPECT,Non-Hispanic Black,1459,NORTH,NO
51089,MOUNT PROSPECT,Non-Hispanic Multiracial,1338,NORTH,NO
51089,MOUNT PROSPECT,Non-Hispanic Other,214,NORTH,NO
51089,MOUNT PROSPECT,Non-Hispanic White,36463,NORTH,NO
53000,NILES,Hispanic/Latino,3447,NORTH,NO
53000,NILES,Non-Hispanic Asian,6040,NORTH,NO
53000,NILES,Non-Hispanic Black,500,NORTH,NO
53000,NILES,Non-Hispanic Multiracial,637,NORTH,NO
53000,NILES,Non-Hispanic Other,88,NORTH,NO
53000,NILES,Non-Hispanic White,20200,NORTH,NO
53377,NORRIDGE,Hispanic/Latino,1790,WEST,NO
53377,NORRIDGE,Non-Hispanic Asian,910,WEST,NO
53377,NORRIDGE,Non-Hispanic Black,60,WEST,NO
53377,NORRIDGE,Non-Hispanic Multiracial,207,WEST,NO
53377,NORRIDGE,Non-Hispanic Other,50,WEST,NO
53377,NORRIDGE,Non-Hispanic White,12234,WEST,NO
54144,NORTH RIVERSIDE,Hispanic/Latino,2687,WEST,NO
54144,NORTH RIVERSIDE,Non-Hispanic Asian,219,WEST,NO
54144,NORTH RIVERSIDE,Non-Hispanic Black,513,WEST,NO
54144,NORTH RIVERSIDE,Non-Hispanic Multiracial,158,WEST,NO
54144,NORTH RIVERSIDE,Non-Hispanic Other,39,WEST,NO
54144,NORTH RIVERSIDE,Non-Hispanic White,3810,WEST,NO
53481,NORTHBROOK,Hispanic/Latino,1202,NORTH,NO
53481,NORTHBROOK,Non-Hispanic Asian,5746,NORTH,NO
53481,NORTHBROOK,Non-Hispanic Black,257,NORTH,NO
53481,NORTHBROOK,Non-Hispanic Multiracial,922,NORTH,NO
53481,NORTHBROOK,Non-Hispanic Other,97,NORTH,NO
53481,NORTHBROOK,Non-Hispanic White,26998,NORTH,NO
53663,NORTHFIELD,Hispanic/Latino,278,NORTH,NO
53663,NORTHFIELD,Non-Hispanic Asian,529,NORTH,NO
53663,NORTHFIELD,Non-Hispanic Black,25,NORTH,NO
53663,NORTHFIELD,Non-Hispanic Multiracial,205,NORTH,NO
53663,NORTHFIELD,Non-Hispanic Other,8,NORTH,NO
53663,NORTHFIELD,Non-Hispanic White,4706,NORTH,NO
53871,NORTHLAKE,Hispanic/Latino,7922,WEST,NO
53871,NORTHLAKE,Non-Hispanic Asian,361,WEST,NO
53871,NORTHLAKE,Non-Hispanic Black,430,WEST,NO
53871,NORTHLAKE,Non-Hispanic Multiracial,197,WEST,NO
53871,NORTHLAKE,Non-Hispanic Other,35,WEST,NO
53871,NORTHLAKE,Non-Hispanic White,3895,WEST,NO
54638,OAK FOREST,Hispanic/Latino,4541,SOUTH,NO
54638,OAK FOREST,Non-Hispanic Asian,1313,SOUTH,NO
54638,OAK FOREST,Non-Hispanic Black,2012,SOUTH,NO
54638,OAK FOREST,Non-Hispanic Multiracial,815,SOUTH,NO
54638,OAK FOREST,Non-Hispanic Other,191,SOUTH,NO
54638,OAK FOREST,Non-Hispanic White,18606,SOUTH,NO
54820,OAK LAWN,Hispanic/Latino,13167,SOUTHWEST,NO
54820,OAK LAWN,Non-Hispanic Asian,1630,SOUTHWEST,NO
54820,OAK LAWN,Non-Hispanic Black,4335,SOUTHWEST,NO
54820,OAK LAWN,Non-Hispanic Multiracial,1437,SOUTHWEST,NO
54820,OAK LAWN,Non-Hispanic Other,294,SOUTHWEST,NO
54820,OAK LAWN,Non-Hispanic White,37499,SOUTHWEST,NO
54885,OAK PARK,Hispanic/Latino,5080,SCC,NO
54885,OAK PARK,Non-Hispanic Asian,2944,SCC,NO
54885,OAK PARK,Non-Hispanic Black,10200,SCC,NO
54885,OAK PARK,Non-Hispanic Multiracial,3187,SCC,NO
54885,OAK PARK,Non-Hispanic Other,326,SCC,NO
54885,OAK PARK,Non-Hispanic White,32846,SCC,NO
55938,OLYMPIA FIELDS,Hispanic/Latino,147,SOUTH,NO
55938,OLYMPIA FIELDS,Non-Hispanic Asian,67,SOUTH,NO
55938,OLYMPIA FIELDS,Non-Hispanic Black,3648,SOUTH,NO
55938,OLYMPIA FIELDS,Non-Hispanic Multiracial,115,SOUTH,NO
55938,OLYMPIA FIELDS,Non-Hispanic Other,36,SOUTH,NO
55938,OLYMPIA FIELDS,Non-Hispanic White,705,SOUTH,NO
56627,ORLAND HILLS,Hispanic/Latino,854,SOUTHWEST,NO
56627,ORLAND HILLS,Non-Hispanic Asian,336,SOUTHWEST,NO
56627,ORLAND HILLS,Non-Hispanic Black,604,SOUTHWEST,NO
56627,ORLAND HILLS,Non-Hispanic Multiracial,183,SOUTHWEST,NO
56627,ORLAND HILLS,Non-Hispanic Other,19,SOUTHWEST,NO
56627,ORLAND HILLS,Non-Hispanic White,4897,SOUTHWEST,NO
56640,ORLAND PARK,Hispanic/Latino,4656,SOUTHWEST,NO
56640,ORLAND PARK,Non-Hispanic Asian,3131,SOUTHWEST,NO
56640,ORLAND PARK,Non-Hispanic Black,1984,SOUTHWEST,NO
56640,ORLAND PARK,Non-Hispanic Multiracial,1373,SOUTHWEST,NO
56640,ORLAND PARK,Non-Hispanic Other,217,SOUTHWEST,NO
56640,ORLAND PARK,Non-Hispanic White,46983,SOUTHWEST,NO
57225,PALATINE,Hispanic/Latino,13305,NORTH,NO
57225,PALATINE,Non-Hispanic Asian,8754,NORTH,NO
57225,PALATINE,Non-Hispanic Black,2024,NORTH,NO
57225,PALATINE,Non-Hispanic Multiracial,1863,NORTH,NO
57225,PALATINE,Non-Hispanic Other,289,NORTH,NO
57225,PALATINE,Non-Hispanic White,41673,NORTH,NO
57381,PALOS HEIGHTS,Hispanic/Latino,646,SOUTHWEST,NO
57381,PALOS HEIGHTS,Non-Hispanic Asian,224,SOUTHWEST,NO
57381,PALOS HEIGHTS,Non-Hispanic Black,196,SOUTHWEST,NO
57381,PALOS HEIGHTS,Non-Hispanic Multiracial,235,SOUTHWEST,NO
57381,PALOS HEIGHTS,Non-Hispanic Other,33,SOUTHWEST,NO
57381,PALOS HEIGHTS,Non-Hispanic White,10734,SOUTHWEST,NO
57394,PALOS HILLS,Hispanic/Latino,1889,SOUTHWEST,NO
57394,PALOS HILLS,Non-Hispanic Asian,392,SOUTHWEST,NO
57394,PALOS HILLS,Non-Hispanic Black,1040,SOUTHWEST,NO
57394,PALOS HILLS,Non-Hispanic Multiracial,386,SOUTHWEST,NO
57394,PALOS HILLS,Non-Hispanic Other,94,SOUTHWEST,NO
57394,PALOS HILLS,Non-Hispanic White,14729,SOUTHWEST,NO
57407,PALOS PARK,Hispanic/Latino,346,SOUTHWEST,NO
57407,PALOS PARK,Non-Hispanic Asian,102,SOUTHWEST,NO
57407,PALOS PARK,Non-Hispanic Black,69,SOUTHWEST,NO
57407,PALOS PARK,Non-Hispanic Multiracial,112,SOUTHWEST,NO
57407,PALOS PARK,Non-Hispanic Other,23,SOUTHWEST,NO
57407,PALOS PARK,Non-Hispanic White,4247,SOUTHWEST,NO
57732,PARK FOREST,Hispanic/Latino,1464,SOUTH,NO
57732,PARK FOREST,Non-Hispanic Asian,126,SOUTH,NO
57732,PARK FOREST,Non-Hispanic Black,12729,SOUTH,NO
57732,PARK FOREST,Non-Hispanic Multiracial,700,SOUTH,NO
57732,PARK FOREST,Non-Hispanic Other,141,SOUTH,NO
57732,PARK FOREST,Non-Hispanic White,3322,SOUTH,NO
57875,PARK RIDGE,Hispanic/Latino,2855,NORTH,NO
57875,PARK RIDGE,Non-Hispanic Asian,1913,NORTH,NO
57875,PARK RIDGE,Non-Hispanic Black,204,NORTH,NO
57875,PARK RIDGE,Non-Hispanic Multiracial,1093,NORTH,NO
57875,PARK RIDGE,Non-Hispanic Other,147,NORTH,NO
57875,PARK RIDGE,Non-Hispanic White,33444,NORTH,NO
59572,PHOENIX,Hispanic/Latino,204,SOUTH,NO
59572,PHOENIX,Non-Hispanic Asian,4,SOUTH,NO
59572,PHOENIX,Non-Hispanic Black,1445,SOUTH,NO
59572,PHOENIX,Non-Hispanic Multiracial,19,SOUTH,NO
59572,PHOENIX,Non-Hispanic Other,22,SOUTH,NO
59572,PHOENIX,Non-Hispanic White,14,SOUTH,NO
61314,POSEN,Hispanic/Latino,3458,SOUTH,NO
61314,POSEN,Non-Hispanic Asian,31,SOUTH,NO
61314,POSEN,Non-Hispanic Black,916,SOUTH,NO
61314,POSEN,Non-Hispanic Multiracial,90,SOUTH,NO
61314,POSEN,Non-Hispanic Other,17,SOUTH,NO
61314,POSEN,Non-Hispanic White,1120,SOUTH,NO
62016,PROSPECT HEIGHTS,Hispanic/Latino,4655,NORTH,NO
62016,PROSPECT HEIGHTS,Non-Hispanic Asian,1641,NORTH,NO
62016,PROSPECT HEIGHTS,Non-Hispanic Black,215,NORTH,NO
62016,PROSPECT HEIGHTS,Non-Hispanic Multiracial,273,NORTH,NO
62016,PROSPECT HEIGHTS,Non-Hispanic Other,64,NORTH,NO
62016,PROSPECT HEIGHTS,Non-Hispanic White,9210,NORTH,NO
63706,RICHTON PARK,Hispanic/Latino,542,SOUTH,NO
63706,RICHTON PARK,Non-Hispanic Asian,94,SOUTH,NO
63706,RICHTON PARK,Non-Hispanic Black,10988,SOUTH,NO
63706,RICHTON PARK,Non-Hispanic Multiracial,291,SOUTH,NO
63706,RICHTON PARK,Non-Hispanic Other,56,SOUTH,NO
63706,RICHTON PARK,Non-Hispanic White,804,SOUTH,NO
64304,RIVER FOREST,Hispanic/Latino,991,WEST,NO
64304,RIVER FOREST,Non-Hispanic Asian,932,WEST,NO
64304,RIVER FOREST,Non-Hispanic Black,869,WEST,NO
64304,RIVER FOREST,Non-Hispanic Multiracial,515,WEST,NO
64304,RIVER FOREST,Non-Hispanic Other,102,WEST,NO
64304,RIVER FOREST,Non-Hispanic White,8308,WEST,NO
64343,RIVER GROVE,Hispanic/Latino,3347,WEST,NO
64343,RIVER GROVE,Non-Hispanic Asian,232,WEST,NO
64343,RIVER GROVE,Non-Hispanic Black,202,WEST,NO
64343,RIVER GROVE,Non-Hispanic Multiracial,184,WEST,NO
64343,RIVER GROVE,Non-Hispanic Other,38,WEST,NO
64343,RIVER GROVE,Non-Hispanic White,6609,WEST,NO
64278,RIVERDALE,Hispanic/Latino,340,SOUTH,NO
64278,RIVERDALE,Non-Hispanic Asian,13,SOUTH,NO
64278,RIVERDALE,Non-Hispanic Black,9791,SOUTH,NO
64278,RIVERDALE,Non-Hispanic Multiracial,160,SOUTH,NO
64278,RIVERDALE,Non-Hispanic Other,58,SOUTH,NO
64278,RIVERDALE,Non-Hispanic White,301,SOUTH,NO
64421,RIVERSIDE,Hispanic/Latino,1520,WEST,NO
64421,RIVERSIDE,Non-Hispanic Asian,200,WEST,NO
64421,RIVERSIDE,Non-Hispanic Black,161,WEST,NO
64421,RIVERSIDE,Non-Hispanic Multiracial,298,WEST,NO
64421,RIVERSIDE,Non-Hispanic Other,45,WEST,NO
64421,RIVERSIDE,Non-Hispanic White,7074,WEST,NO
64616,ROBBINS,Hispanic/Latino,346,SOUTHWEST,NO
64616,ROBBINS,Non-Hispanic Asian,10,SOUTHWEST,NO
64616,ROBBINS,Non-Hispanic Black,3908,SOUTHWEST,NO
64616,ROBBINS,Non-Hispanic Multiracial,103,SOUTHWEST,NO
64616,ROBBINS,Non-Hispanic Other,22,SOUTHWEST,NO
64616,ROBBINS,Non-Hispanic White,240,SOUTHWEST,NO
65338,ROLLING MEADOWS,Hispanic/Latino,6113,NORTH,NO
65338,ROLLING MEADOWS,Non-Hispanic Asian,3147,NORTH,NO
65338,ROLLING MEADOWS,Non-Hispanic Black,637,NORTH,NO
65338,ROLLING MEADOWS,Non-Hispanic Multiracial,694,NORTH,NO
65338,ROLLING MEADOWS,Non-Hispanic Other,81,NORTH,NO
65338,ROLLING MEADOWS,Non-Hispanic White,13528,NORTH,NO
65806,ROSELLE,Hispanic/Latino,335,NORTH,NO
65806,ROSELLE,Non-Hispanic Asian,913,NORTH,NO
65806,ROSELLE,Non-Hispanic Black,135,NORTH,NO
65806,ROSELLE,Non-Hispanic Multiracial,85,NORTH,NO
65806,ROSELLE,Non-Hispanic Other,22,NORTH,NO
65806,ROSELLE,Non-Hispanic White,2461,NORTH,NO
65819,ROSEMONT,Hispanic/Latino,1561,WEST,NO
65819,ROSEMONT,Non-Hispanic Asian,196,WEST,NO
65819,ROSEMONT,Non-Hispanic Black,101,WEST,NO
65819,ROSEMONT,Non-Hispanic Multiracial,92,WEST,NO
65819,ROSEMONT,Non-Hispanic Other,8,WEST,NO
65819,ROSEMONT,Non-Hispanic White,1994,WEST,NO
67769,SAUK VILLAGE,Hispanic/Latino,1328,SOUTH,NO
67769,SAUK VILLAGE,Non-Hispanic Asian,41,SOUTH,NO
67769,SAUK VILLAGE,Non-Hispanic Black,6674,SOUTH,NO
67769,SAUK VILLAGE,Non-Hispanic Multiracial,364,SOUTH,NO
67769,SAUK VILLAGE,Non-Hispanic Other,78,SOUTH,NO
67769,SAUK VILLAGE,Non-Hispanic White,1436,SOUTH,NO
68003,SCHAUMBURG,Hispanic/Latino,8263,NORTH,NO
68003,SCHAUMBURG,Non-Hispanic Asian,20767,NORTH,NO
68003,SCHAUMBURG,Non-Hispanic Black,3266,NORTH,NO
68003,SCHAUMBURG,Non-Hispanic Multiracial,2304,NORTH,NO
68003,SCHAUMBURG,Non-Hispanic Other,384,NORTH,NO
68003,SCHAUMBURG,Non-Hispanic White,43739,NORTH,NO
68081,SCHILLER PARK,Hispanic/Latino,3629,WEST,NO
68081,SCHILLER PARK,Non-Hispanic Asian,803,WEST,NO
68081,SCHILLER PARK,Non-Hispanic Black,164,WEST,NO
68081,SCHILLER PARK,Non-Hispanic Multiracial,188,WEST,NO
68081,SCHILLER PARK,Non-Hispanic Other,33,WEST,NO
68081,SCHILLER PARK,Non-Hispanic White,6892,WEST,NO
70122,SKOKIE,Hispanic/Latino,7185,SCC,NO
70122,SKOKIE,Non-Hispanic Asian,18726,SCC,NO
70122,SKOKIE,Non-Hispanic Black,5256,SCC,NO
70122,SKOKIE,Non-Hispanic Multiracial,2457,SCC,NO
70122,SKOKIE,Non-Hispanic Other,503,SCC,NO
70122,SKOKIE,Non-Hispanic White,33697,SCC,NO
70564,SOUTH BARRINGTON,Hispanic/Latino,161,NORTH,NO
70564,SOUTH BARRINGTON,Non-Hispanic Asian,2041,NORTH,NO
70564,SOUTH BARRINGTON,Non-Hispanic Black,39,NORTH,NO
70564,SOUTH BARRINGTON,Non-Hispanic Multiracial,159,NORTH,NO
70564,SOUTH BARRINGTON,Non-Hispanic Other,5,NORTH,NO
70564,SOUTH BARRINGTON,Non-Hispanic White,2672,NORTH,NO
70629,SOUTH CHICAGO HEIGHTS,Hispanic/Latino,1900,SOUTH,NO
70629,SOUTH CHICAGO HEIGHTS,Non-Hispanic Asian,65,SOUTH,NO
70629,SOUTH CHICAGO HEIGHTS,Non-Hispanic Black,671,SOUTH,NO
70629,SOUTH CHICAGO HEIGHTS,Non-Hispanic Multiracial,104,SOUTH,NO
70629,SOUTH CHICAGO HEIGHTS,Non-Hispanic Other,16,SOUTH,NO
70629,SOUTH CHICAGO HEIGHTS,Non-Hispanic White,1270,SOUTH,NO
70850,SOUTH HOLLAND,Hispanic/Latino,1417,SOUTH,NO
70850,SOUTH HOLLAND,Non-Hispanic Asian,87,SOUTH,NO
70850,SOUTH HOLLAND,Non-Hispanic Black,17277,SOUTH,NO
70850,SOUTH HOLLAND,Non-Hispanic Multiracial,478,SOUTH,NO
70850,SOUTH HOLLAND,Non-Hispanic Other,112,SOUTH,NO
70850,SOUTH HOLLAND,Non-Hispanic White,2094,SOUTH,NO
72520,STEGER,Hispanic/Latino,1000,SOUTH,NO
72520,STEGER,Non-Hispanic Asian,61,SOUTH,NO
72520,STEGER,Non-Hispanic Black,751,SOUTH,NO
72520,STEGER,Non-Hispanic Multiracial,163,SOUTH,NO
72520,STEGER,Non-Hispanic Other,28,SOUTH,NO
72520,STEGER,Non-Hispanic White,2115,SOUTH,NO
72676,STICKNEY,Hispanic/Latino,4568,SCC,NO
72676,STICKNEY,Non-Hispanic Asian,91,SCC,NO
72676,STICKNEY,Non-Hispanic Black,168,SCC,NO
72676,STICKNEY,Non-Hispanic Multiracial,122,SCC,NO
72676,STICKNEY,Non-Hispanic Other,50,SCC,NO
72676,STICKNEY,Non-Hispanic White,2111,SCC,NO
72923,STONE PARK,Hispanic/Latino,4087,WEST,NO
72923,STONE PARK,Non-Hispanic Asian,44,WEST,NO
72923,STONE PARK,Non-Hispanic Black,134,WEST,NO
72923,STONE PARK,Non-Hispanic Multiracial,22,WEST,NO
72923,STONE PARK,Non-Hispanic Other,9,WEST,NO
72923,STONE PARK,Non-Hispanic White,280,WEST,NO
73157,STREAMWOOD,Hispanic/Latino,13365,NORTH,NO
73157,STREAMWOOD,Non-Hispanic Asian,6291,NORTH,NO
73157,STREAMWOOD,Non-Hispanic Black,2251,NORTH,NO
73157,STREAMWOOD,Non-Hispanic Multiracial,963,NORTH,NO
73157,STREAMWOOD,Non-Hispanic Other,144,NORTH,NO
73157,STREAMWOOD,Non-Hispanic White,16563,NORTH,NO
73638,SUMMIT,Hispanic/Latino,8120,SOUTHWEST,NO
73638,SUMMIT,Non-Hispanic Asian,222,SOUTHWEST,NO
73638,SUMMIT,Non-Hispanic Black,852,SOUTHWEST,NO
73638,SUMMIT,Non-Hispanic Multiracial,115,SOUTHWEST,NO
73638,SUMMIT,Non-Hispanic Other,61,SOUTHWEST,NO
73638,SUMMIT,Non-Hispanic White,1791,SOUTHWEST,NO
75185,THORNTON,Hispanic/Latino,442,SOUTH,NO
75185,THORNTON,Non-Hispanic Asian,9,SOUTH,NO
75185,THORNTON,Non-Hispanic Black,528,SOUTH,NO
75185,THORNTON,Non-Hispanic Multiracial,71,SOUTH,NO
75185,THORNTON,Non-Hispanic Other,11,SOUTH,NO
75185,THORNTON,Non-Hispanic White,1325,SOUTH,NO
75484,TINLEY PARK,Hispanic/Latino,4105,SOUTH,NO
75484,TINLEY PARK,Non-Hispanic Asian,1776,SOUTH,NO
75484,TINLEY PARK,Non-Hispanic Black,3109,SOUTH,NO
75484,TINLEY PARK,Non-Hispanic Multiracial,1206,SOUTH,NO
75484,TINLEY PARK,Non-Hispanic Other,122,SOUTH,NO
75484,TINLEY PARK,Non-Hispanic White,37951,SOUTH,NO
76935,UNIVERSITY PARK,Hispanic/Latino,7,SOUTH,NO
76935,UNIVERSITY PARK,Non-Hispanic Asian,0,SOUTH,NO
76935,UNIVERSITY PARK,Non-Hispanic Black,286,SOUTH,NO
76935,UNIVERSITY PARK,Non-Hispanic Multiracial,11,SOUTH,NO
76935,UNIVERSITY PARK,Non-Hispanic Other,4,SOUTH,NO
76935,UNIVERSITY PARK,Non-Hispanic White,9,SOUTH,NO
80047,WESTCHESTER,Hispanic/Latino,3550,WEST,NO
80047,WESTCHESTER,Non-Hispanic Asian,687,WEST,NO
80047,WESTCHESTER,Non-Hispanic Black,3311,WEST,NO
80047,WESTCHESTER,Non-Hispanic Multiracial,396,WEST,NO
80047,WESTCHESTER,Non-Hispanic Other,71,WEST,NO
80047,WESTCHESTER,Non-Hispanic White,8877,WEST,NO
80242,WESTERN SPRINGS,Hispanic/Latino,624,WEST,NO
80242,WESTERN SPRINGS,Non-Hispanic Asian,246,WEST,NO
80242,WESTERN SPRINGS,Non-Hispanic Black,57,WEST,NO
80242,WESTERN SPRINGS,Non-Hispanic Multiracial,362,WEST,NO
80242,WESTERN SPRINGS,Non-Hispanic Other,31,WEST,NO
80242,WESTERN SPRINGS,Non-Hispanic White,12309,WEST,NO
81087,WHEELING,Hispanic/Latino,13047,NORTH,NO
81087,WHEELING,Non-Hispanic Asian,6506,NORTH,NO
81087,WHEELING,Non-Hispanic Black,885,NORTH,NO
81087,WHEELING,Non-Hispanic Multiracial,694,NORTH,NO
81087,WHEELING,Non-Hispanic Other,200,NORTH,NO
81087,WHEELING,Non-Hispanic White,17805,NORTH,NO
82049,WILLOW SPRINGS,Hispanic/Latino,715,SOUTHWEST,NO
82049,WILLOW SPRINGS,Non-Hispanic Asian,202,SOUTHWEST,NO
82049,WILLOW SPRINGS,Non-Hispanic Black,77,SOUTHWEST,NO
82049,WILLOW SPRINGS,Non-Hispanic Multiracial,154,SOUTHWEST,NO
82049,WILLOW SPRINGS,Non-Hispanic Other,30,SOUTHWEST,NO
82049,WILLOW SPRINGS,Non-Hispanic White,4679,SOUTHWEST,NO
82075,WILMETTE,Hispanic/Latino,1390,NORTH,NO
82075,WILMETTE,Non-Hispanic Asian,3297,NORTH,NO
82075,WILMETTE,Non-Hispanic Black,232,NORTH,NO
82075,WILMETTE,Non-Hispanic Multiracial,1233,NORTH,NO
82075,WILMETTE,Non-Hispanic Other,139,NORTH,NO
82075,WILMETTE,Non-Hispanic White,21879,NORTH,NO
82530,WINNETKA,Hispanic/Latino,511,NORTH,NO
82530,WINNETKA,Non-Hispanic Asian,444,NORTH,NO
82530,WINNETKA,Non-Hispanic Black,29,NORTH,NO
82530,WINNETKA,Non-Hispanic Multiracial,449,NORTH,NO
82530,WINNETKA,Non-Hispanic Other,54,NORTH,NO
82530,WINNETKA,Non-Hispanic White,11257,NORTH,NO
83245,WOODRIDGE,Hispanic/Latino,0,NA,NA
83245,WOODRIDGE,Non-Hispanic Asian,0,NA,NA
83245,WOODRIDGE,Non-Hispanic Black,0,NA,NA
83245,WOODRIDGE,Non-Hispanic Multiracial,0,NA,NA
83245,WOODRIDGE,Non-Hispanic Other,0,NA,NA
83245,WOODRIDGE,Non-Hispanic White,0,NA,NA
83518,WORTH,Hispanic/Latino,1708,SOUTHWEST,NO
83518,WORTH,Non-Hispanic Asian,242,SOUTHWEST,NO
83518,WORTH,Non-Hispanic Black,466,SOUTHWEST,NO
83518,WORTH,Non-Hispanic Multiracial,344,SOUTHWEST,NO
83518,WORTH,Non-Hispanic Other,72,SOUTHWEST,NO
83518,WORTH,Non-Hispanic White,8138,SOUTHWEST,NO
